patient_id,first_name,last_name,gender,date_of_birth,contact_number,address,registration_date,insurance_provider,insurance_number,email
P001,DAVID,WILLIAMS,Female,06/04/1955,693-958-5183, 789 Pine Rd ,23/06/2022,WellnessC0rp,Ins@840674,david .williams@mail .com
P002,emily,SM1TH,,1984/10/12,8228188abc,321 maple dr,15/01/2022,Puls3Secure,INS354079,emily.smith@mail.com
P003,laURA,JoneS,U,21-08-1977,8397029847,321 Maple Dr ,2022-02-07,pulseSecure,IN S650929,laura.jones@mail
P004,MicHael,JOHNSON,M,1981.02.20,9019443432,123 elm St,2021/03/02,health1ndia,,michael.johnson @mail.com
P005,dAVId,WILSON,f,06-23-1960,7734463155,123 Elm St ,2021-9-29,MedCare+,INS78810X,david.wilson@mail.com
P006,Linda,JO nes,M,16/06/1963,7561-777-264, 321 maple dr ,2022.10.02,HealthIndia,INS6!3758,
P007,alex,JOHNSON,Male,1989/06/08,62787100aa,789  Pine Rd,12/25/2021,MedCare Plus,465890,alex.johnson@mail.com
P008,DaViD,dav1s,M,1976/07/05,7090558393,456 Oak ave ,2021-05-25,wellnesscorp,IN$$545101,david.davis@mail.com
P009,LaurA,DAVIS,Female,11.12.1971,706-032-4619, 321 MAPLE DR,2022-09-18,PulseSecure,INS1#6631,laura.davis@mail.com
P010,michael,TAYLOR,U,,7081396733,123 Elm St,2022-08-24,WellnessCorp,INS866577,
P011,EMILY,jones,F,1966/12/04,8990604070,789 pine rd,2022-09-27,medcareplus,INS172991,emily.jones@ mail.com
P012,Laura,DAVIS,female,1991.12.08,8135666049,321 maple Dr,27-04-2023,MedCare Plus,INS10X014,laura.davis@mail.com
P013,laura,johnson,,03/28/1990,9059178882,321 maple Dr,2021-12-23,wellness corp,INS373237,laura.johnson @mail
P014,ALEXX,taylor,M,1968/02/27,729-226-2512,789 Pine Rd ,12.12.2023,MedCare Plus,INS11!8070,alex.taylor@mail.com
P015,sarah,JOHNSON,Fem@le,11/05/1964,663-602-8516,321 maple dr,09-25-2021,WellnessCorp,INS922209,sarah.johnson@mail
P016,michael,taylor,Male,20000722,722-338-0592,789 Pine Rd,2021-07-23,PULSESECURE,INS156958,
P017,JANE,JoNeS,,1991/05/01,6158428240,456 oak ave,26/09/2022,wellnessCorp,INS182074,jane.jones@ mail.com
P018,laur@,WILSON,F,1979-09-24,7145815738,789  Pine Rd ,23.09.2022,PulseSecure,INS63$017,laura.wilson@mail.com
P019,sARAH,mILLER,M,1975.05.24,8618058864,789 Pine Rd,06/24/2023,WellnessCorp,INS855073,sarah.miller@mail.com
P020,Jane,moore,F,06-06-2003,8158989953,789 Pine Rd ,04/03/2022,medcare plus,INS276089,jane.moore@mail
P021,MIchael,Wilson,F,01/03/2002,776539055X,321 maple dr ,2022-01-19,WellnessCorp,INS297392,michael.wilson@mail.com
P022,John,BROWN,U,1955-5-10,622-109-9573,321 Maple Dr,20210511,MedCare Plus,INS258823,john.brown@ mail .com
P023,L1nda,johnson,M,,6141951830,789 pine road,12-27-2021,WellnessCorp,INS730152,
P024,SaRaH,brown,,04-11-1991,719-6777444,321 maple dr,2021/09/02,WellnessCorp,INS493002,sarah.brown@mail.com
P025,rOBERT,wilson,Female,14.08.1966,7482069727,123 elm st ,2021-09-09,Health India,INS833429,robert.wilson@ mail